Workbook

Sheet Riscos
A1: ID | B1: Descricao | C1: Inicio | D1: Final | E1: Conse_Min | F1: Conse_Provavel | G1: Conse_Max | H1: Prob_Min | I1: Prob_Max
A2: 1 | B2: Demolition | C2: 26 | D2: 28.7 | E2: =F2/2 -> 121858.68 | F2: 243717.35 | G2: =F2*2 -> 487434.7 | H2: 0.5 | I2: =H2*1.6 -> 0.8
A3: 2 | B3: Structural Diaphragm Wall | C3: 28.1 | D3: 31.6 | E3: =F3/2 -> 203561.93 | F3: 407123.86 | G3: =F3*2 -> 814247.71 | H3: 0.02 | I3: =H3*1.6 -> 0.032
A4: 3 | B4: Excavation in soil | C4: 30.2 | D4: 34 | E4: =F4/2 -> 54279.53 | F4: 108559.06 | G4: =F4*2 -> 217118.12 | H4: 0.02 | I4: =H4*1.6 -> 0.032
A5: 4 | B5: Waterproofing+secondary | C5: 34 | D5: 49 | E5: =F5/2 -> 36524.34 | F5: 73048.68 | G5: =F5*2 -> 146097.36 | H5: 0.02 | I5: =H5*1.6 -> 0.032
A6: 5 | B6: Internal structures | C6: 40.4 | D6: 53.7 | E6: =F6/2 -> 17402.931 | F6: 34805.861 | G6: =F6*2 -> 69611.722 | H6: 0.001 | I6: =H6*1.6 -> 0.0016
A7: 6 | B7: Buildings | C7: 43 | D7: 57.5 | E7: =F7/2 -> 44786.82 | F7: 89573.64 | G7: =F7*2 -> 179147.28 | H7: 0.02 | I7: =H7*1.6 -> 0.032
A8: 7 | B8: Assembly/Tests | C8: 47 | D8: 61.5 | E8: =F8/2 -> 68009.185 | F8: 136018.37 | G8: =F8*2 -> 272036.74 | H8: 0.02 | I8: =H8*1.6 -> 0.032
A9: 8 | B9: Demolition | C9: 22.9 | D9: 25.8 | E9: =F9/2 -> 144614.7 | F9: 289229.4 | G9: =F9*2 -> 578458.8 | H9: 0.5 | I9: =H9*1.6 -> 0.8
A10: 9 | B10: Structural Diaphragm Wall | C10: 24.7 | D10: 28.1 | E10: =F10/2 -> 280686.34 | F10: 561372.68 | G10: =F10*2 -> 1122745.4 | H10: 0.02 | I10: =H10*1.6 -> 0.032
A11: 10 | B11: Excavation in soil | C11: 26.7 | D11: 31.5 | E11: =F11/2 -> 65773.282 | F11: 131546.56 | G11: =F11*2 -> 263093.13 | H11: 0.02 | I11: =H11*1.6 -> 0.032

Sheet Fatores
A1: ID | B1: Tempo_Info | C1: Inicio_Moni | D1: Final_Moni | E1: Fator | F1: P_Fator_Verdadeiro | G1: P_Min | H1: P_Max | I1: Conse_Min | J1: Conse_Med | K1: Conse_Max
A2: 1 | B2: 27 | C2: 28 | D2: 32 | E2: A | F2: 1 | G2: 0.65 | H2: 0.8 | I2: =Riscos!E2*1.5 -> 182788.01 | J2: =Riscos!F2*1.5 -> 365576.03 | K2: =Riscos!G2*1.5 -> 731152.05
A3: 1 | C3: 0 | D3: 0 | E3: K | F3: 0 | G3: 0 | H3: 0 | I3: 0 | J3: 0 | K3: 0
A4: 2 | C4: 0 | D4: 0 | E4: B | F4: 0 | G4: 0 | H4: 0 | I4: 0 | J4: 0 | K4: 0
A5: 2 | C5: 0 | D5: 0 | E5: C | F5: 0 | G5: 0 | H5: 0 | I5: 0 | J5: 0 | K5: 0
A6: 3 | C6: 0 | D6: 0 | E6: C | F6: 0 | G6: 0 | H6: 0 | I6: 0 | J6: 0 | K6: 0
A7: 4 | C7: 0 | D7: 0 | E7: D | F7: 0 | G7: 0 | H7: 0 | I7: 0 | J7: 0 | K7: 0
A8: 5 | C8: 0 | D8: 0 | E8: E | F8: 0 | G8: 0 | H8: 0 | I8: 0 | J8: 0 | K8: 0
A9: 6 | C9: 0 | D9: 0 | E9: N | F9: 0 | G9: 0 | H9: 0 | I9: 0 | J9: 0 | K9: 0
A10: 6 | C10: 0 | D10: 0 | E10: D | F10: 0 | G10: 0 | H10: 0 | I10: 0 | J10: 0 | K10: 0
A11: 7 | B11: 27 | C11: 47 | D11: 70 | E11: G | F11: 1 | G11: 0.05 | H11: 0.1 | I11: =Riscos!E8*2 -> 136018.37 | J11: =Riscos!F8*2 -> 272036.74 | K11: =Riscos!G8*2 -> 544073.48
A12: 8 | C12: 0 | D12: 0 | E12: H | F12: 0 | G12: 0 | H12: 0 | I12: 0 | J12: 0 | K12: 0
A13: 9 | C13: 0 | D13: 0 | E13: I | F13: 0 | G13: 0 | H13: 0 | I13: 0 | J13: 0 | K13: 0
A14: 10 | C14: 0 | D14: 0 | E14: J | F14: 0 | G14: 0 | H14: 0 | I14: 0 | J14: 0 | K14: 0
